{
  "metrics": {
    "accuracy": 0.7333333333333333,
    "precision": 0.6666666666666666,
    "recall": 0.8571428571428571,
    "f1": 0.75,
    "roc_auc": 0.8928571428571428
  },
  "data_splits": {
    "train_size": 65,
    "val_size": 14,
    "test_size": 15
  },
  "timestamp": "2026-01-22T15:26:37.832335"
}